"Label (Grouping)","EMPLOYMENT STATUS","EMPLOYMENT STATUS!!Population 16 years and over","EMPLOYMENT STATUS!!Population 16 years and over!!In labor force","EMPLOYMENT STATUS!!Population 16 years and over!!In labor force!!Civilian labor force","EMPLOYMENT STATUS!!Population 16 years and over!!In labor force!!Civilian labor force!!Employed","EMPLOYMENT STATUS!!Population 16 years and over!!In labor force!!Civilian labor force!!Unemployed","EMPLOYMENT STATUS!!Population 16 years and over!!In labor force!!Armed Forces","EMPLOYMENT STATUS!!Population 16 years and over!!Not in labor force","EMPLOYMENT STATUS!!Civilian labor force","EMPLOYMENT STATUS!!Civilian labor force!!Unemployment Rate","EMPLOYMENT STATUS!!Females 16 years and over","EMPLOYMENT STATUS!!Females 16 years and over!!In labor force","EMPLOYMENT STATUS!!Females 16 years and over!!In labor force!!Civilian labor force","EMPLOYMENT STATUS!!Females 16 years and over!!In labor force!!Civilian labor force!!Employed","EMPLOYMENT STATUS!!Own children of the householder under 6 years","EMPLOYMENT STATUS!!Own children of the householder under 6 years!!All parents in family in labor force","EMPLOYMENT STATUS!!Own children of the householder 6 to 17 years","EMPLOYMENT STATUS!!Own children of the householder 6 to 17 years!!All parents in family in labor force","COMMUTING TO WORK","COMMUTING TO WORK!!Workers 16 years and over","COMMUTING TO WORK!!Workers 16 years and over!!Car, truck, or van -- drove alone","COMMUTING TO WORK!!Workers 16 years and over!!Car, truck, or van -- carpooled","COMMUTING TO WORK!!Workers 16 years and over!!Public transportation (excluding taxicab)","COMMUTING TO WORK!!Workers 16 years and over!!Walked","COMMUTING TO WORK!!Workers 16 years and over!!Other means","COMMUTING TO WORK!!Workers 16 years and over!!Worked at home","COMMUTING TO WORK!!Workers 16 years and over!!Mean travel time to work (minutes)","OCCUPATION","OCCUPATION!!Civilian employed population 16 years and over","OCCUPATION!!Civilian employed population 16 years and over!!Management, business, science, and arts occupations","OCCUPATION!!Civilian employed population 16 years and over!!Service occupations","OCCUPATION!!Civilian employed population 16 years and over!!Sales and office occupations","OCCUPATION!!Civilian employed population 16 years and over!!Natural resources, construction, and maintenance occupations","OCCUPATION!!Civilian employed population 16 years and over!!Production, transportation, and material moving occupations","INDUSTRY","INDUSTRY!!Civilian employed population 16 years and over","INDUSTRY!!Civilian employed population 16 years and over!!Agriculture, forestry, fishing and hunting, and mining","INDUSTRY!!Civilian employed population 16 years and over!!Construction","INDUSTRY!!Civilian employed population 16 years and over!!Manufacturing","INDUSTRY!!Civilian employed population 16 years and over!!Wholesale trade","INDUSTRY!!Civilian employed population 16 years and over!!Retail trade","INDUSTRY!!Civilian employed population 16 years and over!!Transportation and warehousing, and utilities","INDUSTRY!!Civilian employed population 16 years and over!!Information","INDUSTRY!!Civilian employed population 16 years and over!!Finance and insurance, and real estate and rental and leasing","INDUSTRY!!Civilian employed population 16 years and over!!Professional, scientific, and management, and administrative and waste management services","INDUSTRY!!Civilian employed population 16 years and over!!Educational services, and health care and social assistance","INDUSTRY!!Civilian employed population 16 years and over!!Arts, entertainment, and recreation, and accommodation and food services","INDUSTRY!!Civilian employed population 16 years and over!!Other services, except public administration","INDUSTRY!!Civilian employed population 16 years and over!!Public administration","CLASS OF WORKER","CLASS OF WORKER!!Civilian employed population 16 years and over","CLASS OF WORKER!!Civilian employed population 16 years and over!!Private wage and salary workers","CLASS OF WORKER!!Civilian employed population 16 years and over!!Government workers","CLASS OF WORKER!!Civilian employed population 16 years and over!!Self-employed in own not incorporated business workers","CLASS OF WORKER!!Civilian employed population 16 years and over!!Unpaid family workers","INCOME AND BENEFITS (IN 2018 INFLATION-ADJUSTED DOLLARS)","INCOME AND BENEFITS (IN 2018 INFLATION-ADJUSTED DOLLARS)!!Total households","INCOME AND BENEFITS (IN 2018 INFLATION-ADJUSTED DOLLARS)!!Total households!!Less than $10,000","INCOME AND BENEFITS (IN 2018 INFLATION-ADJUSTED DOLLARS)!!Total households!!$10,000 to $14,999","INCOME AND BENEFITS (IN 2018 INFLATION-ADJUSTED DOLLARS)!!Total households!!$15,000 to $24,999","INCOME AND BENEFITS (IN 2018 INFLATION-ADJUSTED DOLLARS)!!Total households!!$25,000 to $34,999","INCOME AND BENEFITS (IN 2018 INFLATION-ADJUSTED DOLLARS)!!Total households!!$35,000 to $49,999","INCOME AND BENEFITS (IN 2018 INFLATION-ADJUSTED DOLLARS)!!Total households!!$50,000 to $74,999","INCOME AND BENEFITS (IN 2018 INFLATION-ADJUSTED DOLLARS)!!Total households!!$75,000 to $99,999","INCOME AND BENEFITS (IN 2018 INFLATION-ADJUSTED DOLLARS)!!Total households!!$100,000 to $149,999","INCOME AND BENEFITS (IN 2018 INFLATION-ADJUSTED DOLLARS)!!Total households!!$150,000 to $199,999","INCOME AND BENEFITS (IN 2018 INFLATION-ADJUSTED DOLLARS)!!Total households!!$200,000 or more","INCOME AND BENEFITS (IN 2018 INFLATION-ADJUSTED DOLLARS)!!Total households!!Median household income (dollars)","INCOME AND BENEFITS (IN 2018 INFLATION-ADJUSTED DOLLARS)!!Total households!!Mean household income (dollars)","INCOME AND BENEFITS (IN 2018 INFLATION-ADJUSTED DOLLARS)!!Total households!!With earnings","INCOME AND BENEFITS (IN 2018 INFLATION-ADJUSTED DOLLARS)!!Total households!!With earnings!!Mean earnings (dollars)","INCOME AND BENEFITS (IN 2018 INFLATION-ADJUSTED DOLLARS)!!Total households!!With Social Security","INCOME AND BENEFITS (IN 2018 INFLATION-ADJUSTED DOLLARS)!!Total households!!With Social Security!!Mean Social Security income (dollars)","INCOME AND BENEFITS (IN 2018 INFLATION-ADJUSTED DOLLARS)!!Total households!!With retirement income","INCOME AND BENEFITS (IN 2018 INFLATION-ADJUSTED DOLLARS)!!Total households!!With retirement income!!Mean retirement income (dollars)","INCOME AND BENEFITS (IN 2018 INFLATION-ADJUSTED DOLLARS)!!Total households!!With Supplemental Security Income","INCOME AND BENEFITS (IN 2018 INFLATION-ADJUSTED DOLLARS)!!Total households!!With Supplemental Security Income!!Mean Supplemental Security Income (dollars)","INCOME AND BENEFITS (IN 2018 INFLATION-ADJUSTED DOLLARS)!!Total households!!With cash public assistance income","INCOME AND BENEFITS (IN 2018 INFLATION-ADJUSTED DOLLARS)!!Total households!!With cash public assistance income!!Mean cash public assistance income (dollars)","INCOME AND BENEFITS (IN 2018 INFLATION-ADJUSTED DOLLARS)!!Total households!!With Food Stamp/SNAP benefits in the past 12 months","INCOME AND BENEFITS (IN 2018 INFLATION-ADJUSTED DOLLARS)!!Families","INCOME AND BENEFITS (IN 2018 INFLATION-ADJUSTED DOLLARS)!!Families!!Less than $10,000","INCOME AND BENEFITS (IN 2018 INFLATION-ADJUSTED DOLLARS)!!Families!!$10,000 to $14,999","INCOME AND BENEFITS (IN 2018 INFLATION-ADJUSTED DOLLARS)!!Families!!$15,000 to $24,999","INCOME AND BENEFITS (IN 2018 INFLATION-ADJUSTED DOLLARS)!!Families!!$25,000 to $34,999","INCOME AND BENEFITS (IN 2018 INFLATION-ADJUSTED DOLLARS)!!Families!!$35,000 to $49,999","INCOME AND BENEFITS (IN 2018 INFLATION-ADJUSTED DOLLARS)!!Families!!$50,000 to $74,999","INCOME AND BENEFITS (IN 2018 INFLATION-ADJUSTED DOLLARS)!!Families!!$75,000 to $99,999","INCOME AND BENEFITS (IN 2018 INFLATION-ADJUSTED DOLLARS)!!Families!!$100,000 to $149,999","INCOME AND BENEFITS (IN 2018 INFLATION-ADJUSTED DOLLARS)!!Families!!$150,000 to $199,999","INCOME AND BENEFITS (IN 2018 INFLATION-ADJUSTED DOLLARS)!!Families!!$200,000 or more","INCOME AND BENEFITS (IN 2018 INFLATION-ADJUSTED DOLLARS)!!Families!!Median family income (dollars)","INCOME AND BENEFITS (IN 2018 INFLATION-ADJUSTED DOLLARS)!!Families!!Mean family income (dollars)","INCOME AND BENEFITS (IN 2018 INFLATION-ADJUSTED DOLLARS)!!Per capita income (dollars)","INCOME AND BENEFITS (IN 2018 INFLATION-ADJUSTED DOLLARS)!!Nonfamily households","INCOME AND BENEFITS (IN 2018 INFLATION-ADJUSTED DOLLARS)!!Nonfamily households!!Median nonfamily income (dollars)","INCOME AND BENEFITS (IN 2018 INFLATION-ADJUSTED DOLLARS)!!Nonfamily households!!Mean nonfamily income (dollars)","INCOME AND BENEFITS (IN 2018 INFLATION-ADJUSTED DOLLARS)!!Median earnings for workers (dollars)","INCOME AND BENEFITS (IN 2018 INFLATION-ADJUSTED DOLLARS)!!Median earnings for male full-time, year-round workers (dollars)","INCOME AND BENEFITS (IN 2018 INFLATION-ADJUSTED DOLLARS)!!Median earnings for female full-time, year-round workers (dollars)","HEALTH INSURANCE COVERAGE","HEALTH INSURANCE COVERAGE!!Civilian noninstitutionalized population","HEALTH INSURANCE COVERAGE!!Civilian noninstitutionalized population!!With health insurance coverage","HEALTH INSURANCE COVERAGE!!Civilian noninstitutionalized population!!With health insurance coverage!!With private health insurance","HEALTH INSURANCE COVERAGE!!Civilian noninstitutionalized population!!With health insurance coverage!!With public coverage","HEALTH INSURANCE COVERAGE!!Civilian noninstitutionalized population!!No health insurance coverage","HEALTH INSURANCE COVERAGE!!Civilian noninstitutionalized population under 19 years","HEALTH INSURANCE COVERAGE!!Civilian noninstitutionalized population under 19 years!!No health insurance coverage","HEALTH INSURANCE COVERAGE!!Civilian noninstitutionalized population 19 to 64 years","HEALTH INSURANCE COVERAGE!!Civilian noninstitutionalized population 19 to 64 years!!In labor force:","HEALTH INSURANCE COVERAGE!!Civilian noninstitutionalized population 19 to 64 years!!In labor force:!!Employed:","HEALTH INSURANCE COVERAGE!!Civilian noninstitutionalized population 19 to 64 years!!In labor force:!!Employed:!!With health insurance coverage","HEALTH INSURANCE COVERAGE!!Civilian noninstitutionalized population 19 to 64 years!!In labor force:!!Employed:!!With health insurance coverage!!With private health insurance","HEALTH INSURANCE COVERAGE!!Civilian noninstitutionalized population 19 to 64 years!!In labor force:!!Employed:!!With health insurance coverage!!With public coverage","HEALTH INSURANCE COVERAGE!!Civilian noninstitutionalized population 19 to 64 years!!In labor force:!!Employed:!!No health insurance coverage","HEALTH INSURANCE COVERAGE!!Civilian noninstitutionalized population 19 to 64 years!!In labor force:!!Unemployed:","HEALTH INSURANCE COVERAGE!!Civilian noninstitutionalized population 19 to 64 years!!In labor force:!!Unemployed:!!With health insurance coverage","HEALTH INSURANCE COVERAGE!!Civilian noninstitutionalized population 19 to 64 years!!In labor force:!!Unemployed:!!With health insurance coverage!!With private health insurance","HEALTH INSURANCE COVERAGE!!Civilian noninstitutionalized population 19 to 64 years!!In labor force:!!Unemployed:!!With health insurance coverage!!With public coverage","HEALTH INSURANCE COVERAGE!!Civilian noninstitutionalized population 19 to 64 years!!In labor force:!!Unemployed:!!No health insurance coverage","HEALTH INSURANCE COVERAGE!!Civilian noninstitutionalized population 19 to 64 years!!Not in labor force:","HEALTH INSURANCE COVERAGE!!Civilian noninstitutionalized population 19 to 64 years!!Not in labor force:!!With health insurance coverage","HEALTH INSURANCE COVERAGE!!Civilian noninstitutionalized population 19 to 64 years!!Not in labor force:!!With health insurance coverage!!With private health insurance","HEALTH INSURANCE COVERAGE!!Civilian noninstitutionalized population 19 to 64 years!!Not in labor force:!!With health insurance coverage!!With public coverage","HEALTH INSURANCE COVERAGE!!Civilian noninstitutionalized population 19 to 64 years!!Not in labor force:!!No health insurance coverage","PERCENTAGE OF FAMILIES AND PEOPLE WHOSE INCOME IN THE PAST 12 MONTHS IS BELOW THE POVERTY LEVEL","PERCENTAGE OF FAMILIES AND PEOPLE WHOSE INCOME IN THE PAST 12 MONTHS IS BELOW THE POVERTY LEVEL!!All families","PERCENTAGE OF FAMILIES AND PEOPLE WHOSE INCOME IN THE PAST 12 MONTHS IS BELOW THE POVERTY LEVEL!!All families!!With related children of the householder under 18 years","PERCENTAGE OF FAMILIES AND PEOPLE WHOSE INCOME IN THE PAST 12 MONTHS IS BELOW THE POVERTY LEVEL!!All families!!With related children of the householder under 18 years!!With related children of the householder under 5 years only","PERCENTAGE OF FAMILIES AND PEOPLE WHOSE INCOME IN THE PAST 12 MONTHS IS BELOW THE POVERTY LEVEL!!Married couple families","PERCENTAGE OF FAMILIES AND PEOPLE WHOSE INCOME IN THE PAST 12 MONTHS IS BELOW THE POVERTY LEVEL!!Married couple families!!With related children of the householder under 18 years","PERCENTAGE OF FAMILIES AND PEOPLE WHOSE INCOME IN THE PAST 12 MONTHS IS BELOW THE POVERTY LEVEL!!Married couple families!!With related children of the householder under 18 years!!With related children of the householder under 5 years only","PERCENTAGE OF FAMILIES AND PEOPLE WHOSE INCOME IN THE PAST 12 MONTHS IS BELOW THE POVERTY LEVEL!!Families with female householder, no husband present","PERCENTAGE OF FAMILIES AND PEOPLE WHOSE INCOME IN THE PAST 12 MONTHS IS BELOW THE POVERTY LEVEL!!Families with female householder, no husband present!!With related children of the householder under 18 years","PERCENTAGE OF FAMILIES AND PEOPLE WHOSE INCOME IN THE PAST 12 MONTHS IS BELOW THE POVERTY LEVEL!!Families with female householder, no husband present!!With related children of the householder under 18 years!!With related children of the householder under 5 years only","PERCENTAGE OF FAMILIES AND PEOPLE WHOSE INCOME IN THE PAST 12 MONTHS IS BELOW THE POVERTY LEVEL!!All people","PERCENTAGE OF FAMILIES AND PEOPLE WHOSE INCOME IN THE PAST 12 MONTHS IS BELOW THE POVERTY LEVEL!!Under 18 years","PERCENTAGE OF FAMILIES AND PEOPLE WHOSE INCOME IN THE PAST 12 MONTHS IS BELOW THE POVERTY LEVEL!!Under 18 years!!Related children of the householder under 18 years","PERCENTAGE OF FAMILIES AND PEOPLE WHOSE INCOME IN THE PAST 12 MONTHS IS BELOW THE POVERTY LEVEL!!Under 18 years!!Related children of the householder under 18 years!!Related children of the householder under 5 years","PERCENTAGE OF FAMILIES AND PEOPLE WHOSE INCOME IN THE PAST 12 MONTHS IS BELOW THE POVERTY LEVEL!!Under 18 years!!Related children of the householder under 18 years!!Related children of the householder 5 to 17 years","PERCENTAGE OF FAMILIES AND PEOPLE WHOSE INCOME IN THE PAST 12 MONTHS IS BELOW THE POVERTY LEVEL!!18 years and over","PERCENTAGE OF FAMILIES AND PEOPLE WHOSE INCOME IN THE PAST 12 MONTHS IS BELOW THE POVERTY LEVEL!!18 to 64 years","PERCENTAGE OF FAMILIES AND PEOPLE WHOSE INCOME IN THE PAST 12 MONTHS IS BELOW THE POVERTY LEVEL!!65 years and over","PERCENTAGE OF FAMILIES AND PEOPLE WHOSE INCOME IN THE PAST 12 MONTHS IS BELOW THE POVERTY LEVEL!!People in families","PERCENTAGE OF FAMILIES AND PEOPLE WHOSE INCOME IN THE PAST 12 MONTHS IS BELOW THE POVERTY LEVEL!!Unrelated individuals 15 years and over"
"Massachusetts","","","","","","","","","","","","","","","","","","","","","","","","","","","","","","","","","","","","","","","","","","","","","","","","","","","","","","","","","","","","","","","","","","","","","","","","","","","","","","","","","","","","","","","","","","","","","","","","","","","","","","","","","","","","","","","","","","","","","","","","","","","","","","","","","","","","","","","","","","","","","","","","",""
"    Estimate","","56,19,991","37,78,642","37,73,721","35,70,257","2,03,464","4,921","18,41,349","37,73,721","(X)","29,23,609","18,53,086","18,52,513","17,60,539","4,21,415","3,05,789","9,04,859","6,94,127","","35,00,223","24,58,064","2,62,975","3,58,143","1,71,603","73,404","1,76,034","29.7","","35,70,257","16,43,529","6,24,434","7,26,280","2,41,808","3,34,206","","35,70,257","14,765","2,01,006","3,16,985","79,357","3,68,361","1,34,050","83,154","2,64,297","4,91,433","10,07,123","3,11,717","1,59,705","1,38,304","","35,70,257","29,28,392","4,30,312","2,06,911","4,642","","26,01,914","1,41,665","1,17,095","1,96,006","1,83,088","2,49,407","3,82,288","3,11,620","4,61,850","2,47,215","3,11,680","77,378","1,06,627","20,54,298","1,11,733","7,77,550","19,012","4,28,598","29,441","1,61,021","10,260","70,567","3,844","3,13,019","16,51,808","53,279","33,351","77,852","92,702","1,38,005","2,29,597","2,11,355","3,47,464","2,01,748","2,66,455","98,625","1,28,072","41,794","9,50,106","43,978","65,194","41,476","66,330","54,442","","67,56,015","65,66,545","50,01,165","24,41,507","1,89,470","14,82,292","19,955","42,32,102","34,33,304","32,57,130","31,43,473","27,46,670","4,85,512","1,13,657","1,76,174","1,58,254","83,697","82,061","17,920","7,98,798","7,64,752","4,41,129","3,83,664","34,046","","(X)","(X)","(X)","(X)","(X)","(X)","(X)","(X)","(X)","(X)","(X)","(X)","(X)","(X)","(X)","(X)","(X)","(X)","(X)"
"    Percent","","56,19,991","67.2%","67.1%","63.5%","3.6%","0.1%","32.8%","37,73,721","5.4%","29,23,609","63.4%","63.4%","60.2%","4,21,415","72.6%","9,04,859","76.7%","","35,00,223","70.2%","7.5%","10.2%","4.9%","2.1%","5.0%","(X)","","35,70,257","46.0%","17.5%","20.3%","6.8%","9.4%","","35,70,257","0.4%","5.6%","8.9%","2.2%","10.3%","3.8%","2.3%","7.4%","13.8%","28.2%","8.7%","4.5%","3.9%","","35,70,257","82.0%","12.1%","5.8%","0.1%","","26,01,914","5.4%","4.5%","7.5%","7.0%","9.6%","14.7%","12.0%","17.8%","9.5%","12.0%","(X)","(X)","79.0%","(X)","29.9%","(X)","16.5%","(X)","6.2%","(X)","2.7%","(X)","12.0%","16,51,808","3.2%","2.0%","4.7%","5.6%","8.4%","13.9%","12.8%","21.0%","12.2%","16.1%","(X)","(X)","(X)","9,50,106","(X)","(X)","(X)","(X)","(X)","","67,56,015","97.2%","74.0%","36.1%","2.8%","14,82,292","1.3%","42,32,102","34,33,304","32,57,130","96.5%","84.3%","14.9%","3.5%","1,76,174","89.8%","47.5%","46.6%","10.2%","7,98,798","95.7%","55.2%","48.0%","4.3%","","7.5%","11.8%","10.4%","3.1%","3.6%","3.0%","23.3%","33.1%","36.2%","10.8%","13.9%","13.6%","15.3%","12.9%","10.0%","10.2%","9.0%","7.7%","22.0%"
"Barnstable County, Massachusetts","","","","","","","","","","","","","","","","","","","","","","","","","","","","","","","","","","","","","","","","","","","","","","","","","","","","","","","","","","","","","","","","","","","","","","","","","","","","","","","","","","","","","","","","","","","","","","","","","","","","","","","","","","","","","","","","","","","","","","","","","","","","","","","","","","","","","","","","","","","","","","","","",""
"    Estimate","","1,85,069","1,10,790","1,10,282","1,05,075","5,207","508","74,279","1,10,282","(X)","97,394","54,671","54,606","52,555","8,919","6,541","22,051","17,421","","1,02,740","82,636","7,487","1,310","2,734","1,551","7,022","23.3","","1,05,075","40,610","22,303","22,993","11,001","8,168","","1,05,075","1,032","10,189","4,143","2,013","14,066","3,796","1,838","6,193","12,886","26,138","12,377","5,340","5,064","","1,05,075","79,295","12,851","12,780","149","","94,292","3,276","3,521","7,604","7,885","11,092","16,728","12,792","17,076","6,936","7,382","70,621","95,153","66,447","91,769","42,635","21,018","25,866","34,134","4,370","10,760","1,686","4,781","6,692","58,164","1,073","782","2,016","3,523","6,069","9,860","9,166","13,610","5,960","6,105","89,712","1,15,653","42,578","36,128","41,619","58,986","35,749","60,512","50,664","","2,11,451","2,04,593","1,54,530","1,01,193","6,858","35,188","662","1,15,406","94,473","90,133","85,405","71,713","16,943","4,728","4,340","3,823","2,073","2,089","517","20,933","20,034","12,535","9,551","899","","(X)","(X)","(X)","(X)","(X)","(X)","(X)","(X)","(X)","(X)","(X)","(X)","(X)","(X)","(X)","(X)","(X)","(X)","(X)"
"    Percent","","1,85,069","59.9%","59.6%","56.8%","2.8%","0.3%","40.1%","1,10,282","4.7%","97,394","56.1%","56.1%","54.0%","8,919","73.3%","22,051","79.0%","","1,02,740","80.4%","7.3%","1.3%","2.7%","1.5%","6.8%","(X)","","1,05,075","38.6%","21.2%","21.9%","10.5%","7.8%","","1,05,075","1.0%","9.7%","3.9%","1.9%","13.4%","3.6%","1.7%","5.9%","12.3%","24.9%","11.8%","5.1%","4.8%","","1,05,075","75.5%","12.2%","12.2%","0.1%","","94,292","3.5%","3.7%","8.1%","8.4%","11.8%","17.7%","13.6%","18.1%","7.4%","7.8%","(X)","(X)","70.5%","(X)","45.2%","(X)","27.4%","(X)","4.6%","(X)","1.8%","(X)","7.1%","58,164","1.8%","1.3%","3.5%","6.1%","10.4%","17.0%","15.8%","23.4%","10.2%","10.5%","(X)","(X)","(X)","36,128","(X)","(X)","(X)","(X)","(X)","","2,11,451","96.8%","73.1%","47.9%","3.2%","35,188","1.9%","1,15,406","94,473","90,133","94.8%","79.6%","18.8%","5.2%","4,340","88.1%","47.8%","48.1%","11.9%","20,933","95.7%","59.9%","45.6%","4.3%","","4.4%","8.1%","9.8%","2.6%","2.7%","3.4%","13.6%","23.9%","31.9%","7.0%","9.5%","8.6%","9.5%","8.3%","6.6%","7.3%","5.2%","4.5%","15.6%"
"Berkshire County, Massachusetts","","","","","","","","","","","","","","","","","","","","","","","","","","","","","","","","","","","","","","","","","","","","","","","","","","","","","","","","","","","","","","","","","","","","","","","","","","","","","","","","","","","","","","","","","","","","","","","","","","","","","","","","","","","","","","","","","","","","","","","","","","","","","","","","","","","","","","","","","","","","","","","","",""
"    Estimate","","1,08,363","68,344","68,314","64,233","4,081","30","40,019","68,314","(X)","56,532","34,208","34,208","32,670","6,315","5,054","14,158","11,763","","63,061","48,863","4,948","727","3,797","968","3,758","19.9","","64,233","24,367","13,878","13,689","5,685","6,614","","64,233","747","4,489","5,167","745","7,437","2,199","1,208","3,210","6,106","20,029","7,164","3,365","2,367","","64,233","50,440","8,199","5,406","188","","55,167","3,319","2,789","5,810","5,564","7,358","9,413","6,742","8,284","2,897","2,991","56,674","77,382","40,237","75,532","22,271","18,835","12,339","27,931","3,736","10,161","1,458","3,938","7,288","32,401","1,218","658","1,668","2,637","3,831","5,929","4,971","6,550","2,517","2,422","76,199","95,710","34,287","22,766","32,186","48,624","31,736","53,648","43,197","","1,25,140","1,21,444","87,783","57,107","3,696","23,525","483","74,770","59,853","56,217","54,025","45,380","10,733","2,192","3,636","3,178","1,355","2,087","458","14,917","14,406","7,334","8,845","511","","(X)","(X)","(X)","(X)","(X)","(X)","(X)","(X)","(X)","(X)","(X)","(X)","(X)","(X)","(X)","(X)","(X)","(X)","(X)"
"    Percent","","1,08,363","63.1%","63.0%","59.3%","3.8%","0.0%","36.9%","68,314","6.0%","56,532","60.5%","60.5%","57.8%","6,315","80.0%","14,158","83.1%","","63,061","77.5%","7.8%","1.2%","6.0%","1.5%","6.0%","(X)","","64,233","37.9%","21.6%","21.3%","8.9%","10.3%","","64,233","1.2%","7.0%","8.0%","1.2%","11.6%","3.4%","1.9%","5.0%","9.5%","31.2%","11.2%","5.2%","3.7%","","64,233","78.5%","12.8%","8.4%","0.3%","","55,167","6.0%","5.1%","10.5%","10.1%","13.3%","17.1%","12.2%","15.0%","5.3%","5.4%","(X)","(X)","72.9%","(X)","40.4%","(X)","22.4%","(X)","6.8%","(X)","2.6%","(X)","13.2%","32,401","3.8%","2.0%","5.1%","8.1%","11.8%","18.3%","15.3%","20.2%","7.8%","7.5%","(X)","(X)","(X)","22,766","(X)","(X)","(X)","(X)","(X)","","1,25,140","97.0%","70.1%","45.6%","3.0%","23,525","2.1%","74,770","59,853","56,217","96.1%","80.7%","19.1%","3.9%","3,636","87.4%","37.3%","57.4%","12.6%","14,917","96.6%","49.2%","59.3%","3.4%","","7.9%","14.7%","17.2%","3.2%","3.7%","4.4%","23.9%","33.2%","42.4%","11.4%","16.0%","15.7%","20.5%","14.0%","10.4%","11.8%","6.6%","7.9%","21.5%"
"Bristol County, Massachusetts","","","","","","","","","","","","","","","","","","","","","","","","","","","","","","","","","","","","","","","","","","","","","","","","","","","","","","","","","","","","","","","","","","","","","","","","","","","","","","","","","","","","","","","","","","","","","","","","","","","","","","","","","","","","","","","","","","","","","","","","","","","","","","","","","","","","","","","","","","","","","","","","",""
"    Estimate","","4,56,450","3,01,151","3,00,966","2,83,422","17,544","185","1,55,299","3,00,966","(X)","2,37,938","1,48,828","1,48,761","1,40,794","34,436","25,600","76,560","60,041","","2,77,714","2,26,105","24,436","7,549","7,432","2,485","9,707","28.2","","2,83,422","1,04,571","52,310","62,096","26,989","37,456","","2,83,422","1,943","20,334","31,583","9,695","36,150","12,121","4,552","16,108","25,968","75,811","25,109","12,102","11,946","","2,83,422","2,33,596","36,278","13,126","422","","2,16,618","11,694","12,292","20,363","17,327","23,699","34,764","27,954","37,062","17,240","14,223","66,157","85,905","1,65,016","91,515","71,530","18,069","38,924","25,225","16,295","10,314","7,756","3,466","33,870","1,42,967","5,322","3,786","8,324","9,540","14,567","22,517","20,471","30,658","15,185","12,597","83,882","1,01,796","34,226","73,651","34,051","49,949","38,434","59,694","48,535","","5,52,835","5,36,806","3,86,688","2,29,572","16,029","1,24,154","1,713","3,41,371","2,75,615","2,60,394","2,50,352","2,14,892","45,090","10,042","15,221","13,852","6,627","7,980","1,369","65,756","63,068","29,275","40,103","2,688","","(X)","(X)","(X)","(X)","(X)","(X)","(X)","(X)","(X)","(X)","(X)","(X)","(X)","(X)","(X)","(X)","(X)","(X)","(X)"
"    Percent","","4,56,450","66.0%","65.9%","62.1%","3.8%","0.0%","34.0%","3,00,966","5.8%","2,37,938","62.5%","62.5%","59.2%","34,436","74.3%","76,560","78.4%","","2,77,714","81.4%","8.8%","2.7%","2.7%","0.9%","3.5%","(X)","","2,83,422","36.9%","18.5%","21.9%","9.5%","13.2%","","2,83,422","0.7%","7.2%","11.1%","3.4%","12.8%","4.3%","1.6%","5.7%","9.2%","26.7%","8.9%","4.3%","4.2%","","2,83,422","82.4%","12.8%","4.6%","0.1%","","2,16,618","5.4%","5.7%","9.4%","8.0%","10.9%","16.0%","12.9%","17.1%","8.0%","6.6%","(X)","(X)","76.2%","(X)","33.0%","(X)","18.0%","(X)","7.5%","(X)","3.6%","(X)","15.6%","1,42,967","3.7%","2.6%","5.8%","6.7%","10.2%","15.7%","14.3%","21.4%","10.6%","8.8%","(X)","(X)","(X)","73,651","(X)","(X)","(X)","(X)","(X)","","5,52,835","97.1%","69.9%","41.5%","2.9%","1,24,154","1.4%","3,41,371","2,75,615","2,60,394","96.1%","82.5%","17.3%","3.9%","15,221","91.0%","43.5%","52.4%","9.0%","65,756","95.9%","44.5%","61.0%","4.1%","","8.7%","14.2%","17.9%","3.5%","4.0%","4.6%","24.6%","33.9%","42.2%","11.5%","16.6%","16.2%","22.4%","14.1%","10.1%","10.2%","9.8%","8.7%","23.0%"
"Dukes County, Massachusetts","","","","","","","","","","","","","","","","","","","","","","","","","","","","","","","","","","","","","","","","","","","","","","","","","","","","","","","","","","","","","","","","","","","","","","","","","","","","","","","","","","","","","","","","","","","","","","","","","","","","","","","","","","","","","","","","","","","","","","","","","","","","","","","","","","","","","","","","","","","","","","","","",""
"    Estimate","","14,441","8,977","8,970","8,684","286","7","5,464","8,970","(X)","7,391","4,488","4,488","4,271","780","659","2,409","2,167","","8,419","6,052","520","214","335","300","998","13.0","","8,684","3,810","1,307","1,339","1,190","1,038","","8,684","237","1,395","326","97","834","325","100","569","1,121","2,091","636","548","405","","8,684","5,529","1,283","1,846","26","","6,367","282","151","479","589","762","961","841","1,137","384","781","71,224","1,07,889","4,846","1,01,819","2,256","21,869","973","38,869","201","13,328","16","12,700","228","3,924","66","5","160","341","379","527","478","1,053","255","660","1,00,167","1,32,326","43,822","2,443","47,615","64,096","41,672","62,967","57,799","","17,214","16,354","12,195","6,746","860","3,577","88","9,824","7,956","7,692","7,294","6,038","1,358","398","264","263","46","217","1","1,868","1,495","1,045","468","373","","(X)","(X)","(X)","(X)","(X)","(X)","(X)","(X)","(X)","(X)","(X)","(X)","(X)","(X)","(X)","(X)","(X)","(X)","(X)"
"    Percent","","14,441","62.2%","62.1%","60.1%","2.0%","0.0%","37.8%","8,970","3.2%","7,391","60.7%","60.7%","57.8%","780","84.5%","2,409","90.0%","","8,419","71.9%","6.2%","2.5%","4.0%","3.6%","11.9%","(X)","","8,684","43.9%","15.1%","15.4%","13.7%","12.0%","","8,684","2.7%","16.1%","3.8%","1.1%","9.6%","3.7%","1.2%","6.6%","12.9%","24.1%","7.3%","6.3%","4.7%","","8,684","63.7%","14.8%","21.3%","0.3%","","6,367","4.4%","2.4%","7.5%","9.3%","12.0%","15.1%","13.2%","17.9%","6.0%","12.3%","(X)","(X)","76.1%","(X)","35.4%","(X)","15.3%","(X)","3.2%","(X)","0.3%","(X)","3.6%","3,924","1.7%","0.1%","4.1%","8.7%","9.7%","13.4%","12.2%","26.8%","6.5%","16.8%","(X)","(X)","(X)","2,443","(X)","(X)","(X)","(X)","(X)","","17,214","95.0%","70.8%","39.2%","5.0%","3,577","2.5%","9,824","7,956","7,692","94.8%","78.5%","17.7%","5.2%","264","99.6%","17.4%","82.2%","0.4%","1,868","80.0%","55.9%","25.1%","20.0%","","2.6%","5.6%","0.8%","0.4%","0.8%","0.0%","13.0%","17.9%","2.7%","8.0%","12.0%","10.5%","3.1%","12.4%","7.0%","6.3%","9.0%","4.1%","21.0%"
"Essex County, Massachusetts","","","","","","","","","","","","","","","","","","","","","","","","","","","","","","","","","","","","","","","","","","","","","","","","","","","","","","","","","","","","","","","","","","","","","","","","","","","","","","","","","","","","","","","","","","","","","","","","","","","","","","","","","","","","","","","","","","","","","","","","","","","","","","","","","","","","","","","","","","","","","","","","",""
"    Estimate","","6,33,115","4,26,777","4,26,401","4,03,439","22,962","376","2,06,338","4,26,401","(X)","3,32,513","2,10,196","2,10,190","1,99,783","51,052","37,655","1,12,128","85,722","","3,95,222","2,92,470","33,957","23,265","12,966","9,662","22,902","30.2","","4,03,439","1,67,689","74,204","85,573","28,548","47,425","","4,03,439","1,446","22,942","42,788","9,697","43,786","15,576","8,819","27,234","54,253","1,03,579","37,565","19,888","15,866","","4,03,439","3,32,228","46,251","24,464","496","","2,92,659","15,634","13,631","22,358","20,646","28,780","43,973","35,281","49,355","27,897","35,104","75,878","1,05,540","2,30,469","1,09,751","91,237","19,003","49,484","30,190","20,050","10,481","10,003","3,671","41,092","1,95,563","6,530","4,219","9,700","11,330","16,777","27,932","24,947","38,870","23,792","31,466","96,306","1,26,143","40,697","97,096","40,567","58,367","40,176","64,882","52,233","","7,74,092","7,50,164","5,50,431","3,05,167","23,928","1,80,045","2,540","4,70,910","3,85,134","3,65,594","3,50,251","2,97,564","63,104","15,343","19,540","17,440","8,455","9,747","2,100","85,776","82,160","42,587","46,356","3,616","","(X)","(X)","(X)","(X)","(X)","(X)","(X)","(X)","(X)","(X)","(X)","(X)","(X)","(X)","(X)","(X)","(X)","(X)","(X)"
"    Percent","","6,33,115","67.4%","67.3%","63.7%","3.6%","0.1%","32.6%","4,26,401","5.4%","3,32,513","63.2%","63.2%","60.1%","51,052","73.8%","1,12,128","76.5%","","3,95,222","74.0%","8.6%","5.9%","3.3%","2.4%","5.8%","(X)","","4,03,439","41.6%","18.4%","21.2%","7.1%","11.8%","","4,03,439","0.4%","5.7%","10.6%","2.4%","10.9%","3.9%","2.2%","6.8%","13.4%","25.7%","9.3%","4.9%","3.9%","","4,03,439","82.3%","11.5%","6.1%","0.1%","","2,92,659","5.3%","4.7%","7.6%","7.1%","9.8%","15.0%","12.1%","16.9%","9.5%","12.0%","(X)","(X)","78.8%","(X)","31.2%","(X)","16.9%","(X)","6.9%","(X)","3.4%","(X)","14.0%","1,95,563","3.3%","2.2%","5.0%","5.8%","8.6%","14.3%","12.8%","19.9%","12.2%","16.1%","(X)","(X)","(X)","97,096","(X)","(X)","(X)","(X)","(X)","","7,74,092","96.9%","71.1%","39.4%","3.1%","1,80,045","1.4%","4,70,910","3,85,134","3,65,594","95.8%","81.4%","17.3%","4.2%","19,540","89.3%","43.3%","49.9%","10.7%","85,776","95.8%","49.6%","54.0%","4.2%","","8.0%","12.7%","11.3%","3.3%","3.6%","3.5%","23.4%","32.8%","31.6%","10.7%","14.8%","14.6%","16.9%","13.7%","9.6%","9.5%","9.6%","8.3%","21.4%"
"Franklin County, Massachusetts","","","","","","","","","","","","","","","","","","","","","","","","","","","","","","","","","","","","","","","","","","","","","","","","","","","","","","","","","","","","","","","","","","","","","","","","","","","","","","","","","","","","","","","","","","","","","","","","","","","","","","","","","","","","","","","","","","","","","","","","","","","","","","","","","","","","","","","","","","","","","","","","",""
"    Estimate","","59,969","38,994","38,991","36,982","2,009","3","20,975","38,991","(X)","31,054","19,589","19,586","18,736","3,586","2,665","8,256","6,658","","36,186","27,926","3,354","682","1,439","345","2,440","24.4","","36,982","15,543","6,669","7,056","3,444","4,270","","36,982","861","2,301","3,598","779","3,880","1,400","771","1,471","2,854","12,893","2,838","1,640","1,696","","36,982","26,432","6,862","3,591","97","","30,328","1,317","1,644","3,371","2,682","3,832","5,729","4,308","4,379","1,761","1,305","59,522","78,029","22,979","75,691","11,452","18,193","6,548","32,277","2,032","9,734","931","3,062","3,943","18,003","422","358","1,090","1,147","2,154","3,409","3,188","3,649","1,489","1,097","78,263","95,854","34,202","12,325","33,884","48,845","34,724","53,717","45,810","","70,131","68,620","50,929","31,044","1,511","13,211","128","42,948","34,411","32,607","31,709","26,944","6,374","898","1,804","1,618","733","959","186","8,537","8,356","4,035","5,329","181","","(X)","(X)","(X)","(X)","(X)","(X)","(X)","(X)","(X)","(X)","(X)","(X)","(X)","(X)","(X)","(X)","(X)","(X)","(X)"
"    Percent","","59,969","65.0%","65.0%","61.7%","3.4%","0.0%","35.0%","38,991","5.2%","31,054","63.1%","63.1%","60.3%","3,586","74.3%","8,256","80.6%","","36,186","77.2%","9.3%","1.9%","4.0%","1.0%","6.7%","(X)","","36,982","42.0%","18.0%","19.1%","9.3%","11.5%","","36,982","2.3%","6.2%","9.7%","2.1%","10.5%","3.8%","2.1%","4.0%","7.7%","34.9%","7.7%","4.4%","4.6%","","36,982","71.5%","18.6%","9.7%","0.3%","","30,328","4.3%","5.4%","11.1%","8.8%","12.6%","18.9%","14.2%","14.4%","5.8%","4.3%","(X)","(X)","75.8%","(X)","37.8%","(X)","21.6%","(X)","6.7%","(X)","3.1%","(X)","13.0%","18,003","2.3%","2.0%","6.1%","6.4%","12.0%","18.9%","17.7%","20.3%","8.3%","6.1%","(X)","(X)","(X)","12,325","(X)","(X)","(X)","(X)","(X)","","70,131","97.8%","72.6%","44.3%","2.2%","13,211","1.0%","42,948","34,411","32,607","97.2%","82.6%","19.5%","2.8%","1,804","89.7%","40.6%","53.2%","10.3%","8,537","97.9%","47.3%","62.4%","2.1%","","5.8%","11.0%","12.1%","2.1%","3.5%","1.1%","20.1%","28.8%","46.2%","10.4%","13.1%","11.8%","15.6%","10.5%","9.8%","11.0%","5.9%","6.1%","22.5%"
"Hampden County, Massachusetts","","","","","","","","","","","","","","","","","","","","","","","","","","","","","","","","","","","","","","","","","","","","","","","","","","","","","","","","","","","","","","","","","","","","","","","","","","","","","","","","","","","","","","","","","","","","","","","","","","","","","","","","","","","","","","","","","","","","","","","","","","","","","","","","","","","","","","","","","","","","","","","","",""
"    Estimate","","3,78,775","2,32,340","2,31,939","2,16,101","15,838","401","1,46,435","2,31,939","(X)","1,98,440","1,14,072","1,14,031","1,07,230","30,505","20,000","66,769","48,030","","2,12,684","1,75,088","16,491","3,937","6,576","2,981","7,611","22.6","","2,16,101","76,124","45,559","48,213","16,155","30,050","","2,16,101","1,239","10,487","24,435","5,866","25,879","11,168","3,503","15,323","16,344","63,755","19,169","8,930","10,003","","2,16,101","1,73,275","31,876","10,610","340","","1,79,043","13,415","11,608","19,403","17,808","22,481","29,105","21,258","25,287","10,390","8,288","53,403","73,364","1,30,762","78,919","60,734","17,438","31,606","25,793","21,092","9,929","8,164","4,077","39,435","1,14,896","6,344","3,794","9,697","9,979","13,189","19,239","15,665","20,665","8,973","7,351","68,728","86,969","29,020","64,147","31,704","44,807","33,216","53,198","45,226","","4,63,850","4,49,804","2,88,739","2,25,139","14,046","1,09,793","1,500","2,81,698","2,12,803","1,99,465","1,91,458","1,55,823","43,298","8,007","13,338","11,674","4,218","8,175","1,664","68,895","66,167","25,443","46,318","2,728","","(X)","(X)","(X)","(X)","(X)","(X)","(X)","(X)","(X)","(X)","(X)","(X)","(X)","(X)","(X)","(X)","(X)","(X)","(X)"
"    Percent","","3,78,775","61.3%","61.2%","57.1%","4.2%","0.1%","38.7%","2,31,939","6.8%","1,98,440","57.5%","57.5%","54.0%","30,505","65.6%","66,769","71.9%","","2,12,684","82.3%","7.8%","1.9%","3.1%","1.4%","3.6%","(X)","","2,16,101","35.2%","21.1%","22.3%","7.5%","13.9%","","2,16,101","0.6%","4.9%","11.3%","2.7%","12.0%","5.2%","1.6%","7.1%","7.6%","29.5%","8.9%","4.1%","4.6%","","2,16,101","80.2%","14.8%","4.9%","0.2%","","1,79,043","7.5%","6.5%","10.8%","9.9%","12.6%","16.3%","11.9%","14.1%","5.8%","4.6%","(X)","(X)","73.0%","(X)","33.9%","(X)","17.7%","(X)","11.8%","(X)","4.6%","(X)","22.0%","1,14,896","5.5%","3.3%","8.4%","8.7%","11.5%","16.7%","13.6%","18.0%","7.8%","6.4%","(X)","(X)","(X)","64,147","(X)","(X)","(X)","(X)","(X)","","4,63,850","97.0%","62.2%","48.5%","3.0%","1,09,793","1.4%","2,81,698","2,12,803","1,99,465","96.0%","78.1%","21.7%","4.0%","13,338","87.5%","31.6%","61.3%","12.5%","68,895","96.0%","36.9%","67.2%","4.0%","","13.4%","22.4%","18.7%","5.3%","7.5%","5.4%","32.9%","43.6%","42.1%","17.1%","26.2%","25.7%","28.0%","24.9%","14.6%","15.6%","10.5%","14.4%","27.7%"
"Hampshire County, Massachusetts","","","","","","","","","","","","","","","","","","","","","","","","","","","","","","","","","","","","","","","","","","","","","","","","","","","","","","","","","","","","","","","","","","","","","","","","","","","","","","","","","","","","","","","","","","","","","","","","","","","","","","","","","","","","","","","","","","","","","","","","","","","","","","","","","","","","","","","","","","","","","","","","",""
"    Estimate","","1,40,238","89,695","89,520","84,200","5,320","175","50,543","89,520","(X)","75,553","47,026","47,026","44,761","6,639","4,840","16,554","13,625","","81,913","58,149","6,048","2,542","7,494","1,453","6,227","23.2","","84,200","39,397","16,017","16,929","5,283","6,574","","84,200","773","3,771","5,517","1,408","8,589","2,480","1,507","4,110","7,199","34,240","8,139","3,367","3,100","","84,200","61,026","16,966","6,141","67","","58,665","3,514","2,782","4,347","5,501","6,518","9,080","7,903","10,222","4,525","4,273","67,044","89,156","45,300","91,160","18,232","18,832","11,827","28,407","3,246","10,447","1,361","3,547","5,535","34,373","986","519","1,189","2,535","3,146","4,998","5,345","8,175","3,845","3,635","93,139","1,12,521","33,605","24,292","38,463","52,965","28,102","59,899","50,770","","1,59,770","1,55,998","1,25,714","51,654","3,772","30,119","587","1,04,692","79,566","75,101","73,072","65,247","9,588","2,029","4,465","4,160","2,670","1,587","305","25,126","24,334","16,767","9,062","792","","(X)","(X)","(X)","(X)","(X)","(X)","(X)","(X)","(X)","(X)","(X)","(X)","(X)","(X)","(X)","(X)","(X)","(X)","(X)"
"    Percent","","1,40,238","64.0%","63.8%","60.0%","3.8%","0.1%","36.0%","89,520","5.9%","75,553","62.2%","62.2%","59.2%","6,639","72.9%","16,554","82.3%","","81,913","71.0%","7.4%","3.1%","9.1%","1.8%","7.6%","(X)","","84,200","46.8%","19.0%","20.1%","6.3%","7.8%","","84,200","0.9%","4.5%","6.6%","1.7%","10.2%","2.9%","1.8%","4.9%","8.5%","40.7%","9.7%","4.0%","3.7%","","84,200","72.5%","20.1%","7.3%","0.1%","","58,665","6.0%","4.7%","7.4%","9.4%","11.1%","15.5%","13.5%","17.4%","7.7%","7.3%","(X)","(X)","77.2%","(X)","31.1%","(X)","20.2%","(X)","5.5%","(X)","2.3%","(X)","9.4%","34,373","2.9%","1.5%","3.5%","7.4%","9.2%","14.5%","15.5%","23.8%","11.2%","10.6%","(X)","(X)","(X)","24,292","(X)","(X)","(X)","(X)","(X)","","1,59,770","97.6%","78.7%","32.3%","2.4%","30,119","1.9%","1,04,692","79,566","75,101","97.3%","86.9%","12.8%","2.7%","4,465","93.2%","59.8%","35.5%","6.8%","25,126","96.8%","66.7%","36.1%","3.2%","","6.1%","10.3%","8.8%","2.9%","3.4%","3.2%","19.4%","28.4%","37.2%","13.3%","12.1%","11.9%","14.0%","11.3%","13.5%","15.3%","7.1%","6.6%","31.2%"
"Middlesex County, Massachusetts","","","","","","","","","","","","","","","","","","","","","","","","","","","","","","","","","","","","","","","","","","","","","","","","","","","","","","","","","","","","","","","","","","","","","","","","","","","","","","","","","","","","","","","","","","","","","","","","","","","","","","","","","","","","","","","","","","","","","","","","","","","","","","","","","","","","","","","","","","","","","","","","",""
"    Estimate","","13,12,708","9,16,814","9,15,319","8,76,744","38,575","1,495","3,95,894","9,15,319","(X)","6,76,735","4,43,091","4,42,911","4,24,532","1,02,723","73,421","2,09,826","1,59,865","","8,61,576","5,80,710","58,713","1,06,409","43,428","22,532","49,784","30.9","","8,76,744","4,90,777","1,23,562","1,57,224","46,399","58,782","","8,76,744","1,742","40,193","85,499","16,635","76,249","24,640","27,949","63,101","1,59,427","2,50,453","63,413","37,984","29,459","","8,76,744","7,28,119","93,470","54,427","728","","6,00,032","25,673","19,143","34,856","32,726","47,109","78,223","69,426","1,14,715","71,604","1,06,557","97,012","1,28,969","4,94,906","1,33,163","1,57,018","20,250","88,430","30,601","25,024","10,717","11,072","4,087","44,004","3,87,781","8,827","5,324","13,299","14,871","23,869","44,647","44,512","82,416","57,323","92,693","1,21,813","1,55,164","49,669","2,12,251","55,967","77,274","49,747","78,293","62,200","","15,79,996","15,39,004","12,68,209","4,54,939","40,992","3,45,474","5,055","10,07,408","8,34,015","8,00,290","7,76,139","7,05,767","86,738","24,151","33,725","30,463","19,486","12,524","3,262","1,73,393","1,66,189","1,14,630","62,693","7,204","","(X)","(X)","(X)","(X)","(X)","(X)","(X)","(X)","(X)","(X)","(X)","(X)","(X)","(X)","(X)","(X)","(X)","(X)","(X)"
"    Percent","","13,12,708","69.8%","69.7%","66.8%","2.9%","0.1%","30.2%","9,15,319","4.2%","6,76,735","65.5%","65.4%","62.7%","1,02,723","71.5%","2,09,826","76.2%","","8,61,576","67.4%","6.8%","12.4%","5.0%","2.6%","5.8%","(X)","","8,76,744","56.0%","14.1%","17.9%","5.3%","6.7%","","8,76,744","0.2%","4.6%","9.8%","1.9%","8.7%","2.8%","3.2%","7.2%","18.2%","28.6%","7.2%","4.3%","3.4%","","8,76,744","83.0%","10.7%","6.2%","0.1%","","6,00,032","4.3%","3.2%","5.8%","5.5%","7.9%","13.0%","11.6%","19.1%","11.9%","17.8%","(X)","(X)","82.5%","(X)","26.2%","(X)","14.7%","(X)","4.2%","(X)","1.8%","(X)","7.3%","3,87,781","2.3%","1.4%","3.4%","3.8%","6.2%","11.5%","11.5%","21.3%","14.8%","23.9%","(X)","(X)","(X)","2,12,251","(X)","(X)","(X)","(X)","(X)","","15,79,996","97.4%","80.3%","28.8%","2.6%","3,45,474","1.5%","10,07,408","8,34,015","8,00,290","97.0%","88.2%","10.8%","3.0%","33,725","90.3%","57.8%","37.1%","9.7%","1,73,393","95.8%","66.1%","36.2%","4.2%","","5.2%","7.6%","7.5%","2.4%","2.6%","2.6%","18.7%","27.7%","41.4%","7.9%","8.6%","8.3%","9.9%","7.7%","7.8%","7.8%","7.6%","5.2%","18.3%"
"Nantucket County, Massachusetts","","","","","","","","","","","","","","","","","","","","","","","","","","","","","","","","","","","","","","","","","","","","","","","","","","","","","","","","","","","","","","","","","","","","","","","","","","","","","","","","","","","","","","","","","","","","","","","","","","","","","","","","","","","","","","","","","","","","","","","","","","","","","","","","","","","","","","","","","","","","","","","","",""
"    Estimate","","9,028","6,682","6,654","6,471","183","28","2,346","6,654","(X)","4,407","3,079","3,079","3,030","774","587","1,512","1,260","","6,303","4,592","449","33","646","208","375","11.4","","6,471","2,325","1,121","1,603","1,035","387","","6,471","125","843","124","107","784","247","88","528","1,078","1,194","755","331","267","","6,471","4,681","819","968","3","","3,722","85","98","158","279","257","571","283","938","487","566","1,05,171","1,37,752","3,242","1,18,538","989","22,519","507","37,512","88","12,395","68","4,160","135","2,268","31","10","38","115","115","286","203","680","360","430","1,17,500","1,65,153","51,270","1,454","60,938","87,463","41,678","57,712","62,962","","11,042","10,545","8,510","3,320","497","2,501","67","6,990","5,972","5,794","5,487","4,816","823","307","178","115","93","22","63","1,018","968","627","425","50","","(X)","(X)","(X)","(X)","(X)","(X)","(X)","(X)","(X)","(X)","(X)","(X)","(X)","(X)","(X)","(X)","(X)","(X)","(X)"
"    Percent","","9,028","74.0%","73.7%","71.7%","2.0%","0.3%","26.0%","6,654","2.8%","4,407","69.9%","69.9%","68.8%","774","75.8%","1,512","83.3%","","6,303","72.9%","7.1%","0.5%","10.2%","3.3%","5.9%","(X)","","6,471","35.9%","17.3%","24.8%","16.0%","6.0%","","6,471","1.9%","13.0%","1.9%","1.7%","12.1%","3.8%","1.4%","8.2%","16.7%","18.5%","11.7%","5.1%","4.1%","","6,471","72.3%","12.7%","15.0%","0.0%","","3,722","2.3%","2.6%","4.2%","7.5%","6.9%","15.3%","7.6%","25.2%","13.1%","15.2%","(X)","(X)","87.1%","(X)","26.6%","(X)","13.6%","(X)","2.4%","(X)","1.8%","(X)","3.6%","2,268","1.4%","0.4%","1.7%","5.1%","5.1%","12.6%","9.0%","30.0%","15.9%","19.0%","(X)","(X)","(X)","1,454","(X)","(X)","(X)","(X)","(X)","","11,042","95.5%","77.1%","30.1%","4.5%","2,501","2.7%","6,990","5,972","5,794","94.7%","83.1%","14.2%","5.3%","178","64.6%","52.2%","12.4%","35.4%","1,018","95.1%","61.6%","41.7%","4.9%","","3.7%","7.7%","3.4%","1.3%","2.1%","0.0%","21.0%","28.5%","36.8%","8.6%","12.4%","11.0%","10.2%","11.4%","7.6%","8.1%","5.0%","4.5%","18.7%"
"Norfolk County, Massachusetts","","","","","","","","","","","","","","","","","","","","","","","","","","","","","","","","","","","","","","","","","","","","","","","","","","","","","","","","","","","","","","","","","","","","","","","","","","","","","","","","","","","","","","","","","","","","","","","","","","","","","","","","","","","","","","","","","","","","","","","","","","","","","","","","","","","","","","","","","","","","","","","","",""
"    Estimate","","5,68,020","3,91,756","3,91,537","3,71,989","19,548","219","1,76,264","3,91,537","(X)","2,99,019","1,92,865","1,92,847","1,83,659","44,378","32,298","1,00,616","75,907","","3,64,457","2,47,349","26,086","52,570","13,476","5,999","18,977","34.2","","3,71,989","1,97,307","52,912","77,126","20,811","23,833","","3,71,989","742","20,036","24,106","8,138","35,717","12,930","9,817","39,322","57,702","1,04,670","29,255","15,928","13,626","","3,71,989","3,09,491","42,167","19,831","500","","2,63,551","9,775","8,061","14,624","14,065","19,872","34,547","31,417","51,555","30,935","48,700","99,511","1,36,001","2,15,309","1,39,836","76,612","20,219","45,141","31,161","10,125","10,433","4,686","3,598","17,556","1,74,416","3,175","2,222","5,005","5,310","9,838","19,562","20,301","39,286","25,967","43,750","1,25,259","1,65,561","52,036","89,135","53,306","74,776","51,222","80,571","63,746","","6,89,820","6,76,038","5,71,698","1,93,966","13,782","1,58,562","1,207","4,22,070","3,52,756","3,35,729","3,28,173","3,03,153","32,757","7,556","17,027","15,605","9,973","6,378","1,422","69,314","66,292","47,519","23,618","3,022","","(X)","(X)","(X)","(X)","(X)","(X)","(X)","(X)","(X)","(X)","(X)","(X)","(X)","(X)","(X)","(X)","(X)","(X)","(X)"
"    Percent","","5,68,020","69.0%","68.9%","65.5%","3.4%","0.0%","31.0%","3,91,537","5.0%","2,99,019","64.5%","64.5%","61.4%","44,378","72.8%","1,00,616","75.4%","","3,64,457","67.9%","7.2%","14.4%","3.7%","1.6%","5.2%","(X)","","3,71,989","53.0%","14.2%","20.7%","5.6%","6.4%","","3,71,989","0.2%","5.4%","6.5%","2.2%","9.6%","3.5%","2.6%","10.6%","15.5%","28.1%","7.9%","4.3%","3.7%","","3,71,989","83.2%","11.3%","5.3%","0.1%","","2,63,551","3.7%","3.1%","5.5%","5.3%","7.5%","13.1%","11.9%","19.6%","11.7%","18.5%","(X)","(X)","81.7%","(X)","29.1%","(X)","17.1%","(X)","3.8%","(X)","1.8%","(X)","6.7%","1,74,416","1.8%","1.3%","2.9%","3.0%","5.6%","11.2%","11.6%","22.5%","14.9%","25.1%","(X)","(X)","(X)","89,135","(X)","(X)","(X)","(X)","(X)","","6,89,820","98.0%","82.9%","28.1%","2.0%","1,58,562","0.8%","4,22,070","3,52,756","3,35,729","97.7%","90.3%","9.8%","2.3%","17,027","91.6%","58.6%","37.5%","8.4%","69,314","95.6%","68.6%","34.1%","4.4%","","4.2%","5.8%","3.7%","2.1%","2.1%","1.3%","15.8%","24.3%","22.9%","6.5%","6.3%","6.0%","5.3%","6.2%","6.5%","6.4%","7.1%","4.0%","17.3%"
"Plymouth County, Massachusetts","","","","","","","","","","","","","","","","","","","","","","","","","","","","","","","","","","","","","","","","","","","","","","","","","","","","","","","","","","","","","","","","","","","","","","","","","","","","","","","","","","","","","","","","","","","","","","","","","","","","","","","","","","","","","","","","","","","","","","","","","","","","","","","","","","","","","","","","","","","","","","","","",""
"    Estimate","","4,14,111","2,80,026","2,79,842","2,64,683","15,159","184","1,34,085","2,79,842","(X)","2,15,220","1,37,013","1,36,991","1,30,234","31,772","23,597","76,167","60,180","","2,58,416","2,06,197","18,805","14,643","3,928","3,058","11,785","33.3","","2,64,683","1,05,611","50,183","59,415","22,958","26,516","","2,64,683","1,305","20,595","17,821","7,071","30,927","12,240","5,302","22,706","29,759","67,914","25,484","12,157","11,402","","2,64,683","2,15,862","33,706","14,799","316","","1,86,306","7,436","6,425","11,606","12,321","17,545","27,295","23,185","38,366","20,109","22,018","85,654","1,10,192","1,47,684","1,12,716","61,776","19,762","38,607","31,324","9,619","10,219","4,286","3,902","19,519","1,31,659","3,541","1,746","4,032","6,501","10,868","17,953","16,893","31,995","18,147","19,983","1,05,568","1,28,520","41,343","54,647","42,285","60,719","41,945","68,757","53,475","","5,05,306","4,93,694","3,87,005","1,80,966","11,612","1,19,261","1,313","3,01,382","2,51,345","2,38,722","2,31,560","2,03,963","34,795","7,162","12,623","11,516","6,112","5,829","1,107","50,037","48,261","29,483","23,524","1,776","","(X)","(X)","(X)","(X)","(X)","(X)","(X)","(X)","(X)","(X)","(X)","(X)","(X)","(X)","(X)","(X)","(X)","(X)","(X)"
"    Percent","","4,14,111","67.6%","67.6%","63.9%","3.7%","0.0%","32.4%","2,79,842","5.4%","2,15,220","63.7%","63.7%","60.5%","31,772","74.3%","76,167","79.0%","","2,58,416","79.8%","7.3%","5.7%","1.5%","1.2%","4.6%","(X)","","2,64,683","39.9%","19.0%","22.4%","8.7%","10.0%","","2,64,683","0.5%","7.8%","6.7%","2.7%","11.7%","4.6%","2.0%","8.6%","11.2%","25.7%","9.6%","4.6%","4.3%","","2,64,683","81.6%","12.7%","5.6%","0.1%","","1,86,306","4.0%","3.4%","6.2%","6.6%","9.4%","14.7%","12.4%","20.6%","10.8%","11.8%","(X)","(X)","79.3%","(X)","33.2%","(X)","20.7%","(X)","5.2%","(X)","2.3%","(X)","10.5%","1,31,659","2.7%","1.3%","3.1%","4.9%","8.3%","13.6%","12.8%","24.3%","13.8%","15.2%","(X)","(X)","(X)","54,647","(X)","(X)","(X)","(X)","(X)","","5,05,306","97.7%","76.6%","35.8%","2.3%","1,19,261","1.1%","3,01,382","2,51,345","2,38,722","97.0%","85.4%","14.6%","3.0%","12,623","91.2%","48.4%","46.2%","8.8%","50,037","96.5%","58.9%","47.0%","3.5%","","5.5%","8.7%","8.0%","2.2%","2.4%","2.2%","17.5%","24.3%","25.1%","7.6%","10.0%","9.7%","11.2%","9.2%","7.0%","7.0%","6.9%","5.4%","19.8%"
"Suffolk County, Massachusetts","","","","","","","","","","","","","","","","","","","","","","","","","","","","","","","","","","","","","","","","","","","","","","","","","","","","","","","","","","","","","","","","","","","","","","","","","","","","","","","","","","","","","","","","","","","","","","","","","","","","","","","","","","","","","","","","","","","","","","","","","","","","","","","","","","","","","","","","","","","","","","","","",""
"    Estimate","","6,71,930","4,62,603","4,61,751","4,29,529","32,222","852","2,09,327","4,61,751","(X)","3,49,760","2,30,501","2,30,397","2,15,493","48,367","36,108","79,803","60,573","","4,21,256","1,71,643","28,114","1,37,059","56,004","15,144","13,292","31.1","","4,29,529","2,00,045","91,514","83,618","20,865","33,487","","4,29,529","489","17,712","20,408","7,321","36,525","17,538","9,441","37,250","70,143","1,28,049","47,518","19,984","17,151","","4,29,529","3,66,809","45,553","16,737","430","","3,07,870","30,410","20,899","26,437","21,709","28,397","43,194","31,484","47,462","25,001","32,877","64,582","97,859","2,46,295","1,05,652","66,689","15,839","28,699","28,848","25,197","9,755","10,301","3,839","56,010","1,53,409","9,570","6,053","12,512","12,171","15,612","22,000","16,351","24,827","14,058","20,255","73,461","1,12,669","40,190","1,54,461","52,096","79,625","38,204","59,991","54,401","","7,85,160","7,53,651","5,07,744","3,07,709","31,509","1,47,571","2,107","5,49,402","4,34,763","4,05,798","3,86,945","3,19,473","77,495","18,853","28,965","25,677","12,314","14,108","3,288","1,14,639","1,07,944","58,639","55,097","6,695","","(X)","(X)","(X)","(X)","(X)","(X)","(X)","(X)","(X)","(X)","(X)","(X)","(X)","(X)","(X)","(X)","(X)","(X)","(X)"
"    Percent","","6,71,930","68.8%","68.7%","63.9%","4.8%","0.1%","31.2%","4,61,751","7.0%","3,49,760","65.9%","65.9%","61.6%","48,367","74.7%","79,803","75.9%","","4,21,256","40.7%","6.7%","32.5%","13.3%","3.6%","3.2%","(X)","","4,29,529","46.6%","21.3%","19.5%","4.9%","7.8%","","4,29,529","0.1%","4.1%","4.8%","1.7%","8.5%","4.1%","2.2%","8.7%","16.3%","29.8%","11.1%","4.7%","4.0%","","4,29,529","85.4%","10.6%","3.9%","0.1%","","3,07,870","9.9%","6.8%","8.6%","7.1%","9.2%","14.0%","10.2%","15.4%","8.1%","10.7%","(X)","(X)","80.0%","(X)","21.7%","(X)","9.3%","(X)","8.2%","(X)","3.3%","(X)","18.2%","1,53,409","6.2%","3.9%","8.2%","7.9%","10.2%","14.3%","10.7%","16.2%","9.2%","13.2%","(X)","(X)","(X)","1,54,461","(X)","(X)","(X)","(X)","(X)","","7,85,160","96.0%","64.7%","39.2%","4.0%","1,47,571","1.4%","5,49,402","4,34,763","4,05,798","95.4%","78.7%","19.1%","4.6%","28,965","88.6%","42.5%","48.7%","11.4%","1,14,639","94.2%","51.2%","48.1%","5.8%","","14.5%","23.4%","13.8%","5.9%","8.7%","4.6%","31.2%","43.5%","38.4%","19.3%","28.0%","27.7%","24.7%","29.1%","17.5%","17.2%","19.2%","15.4%","26.7%"
"Worcester County, Massachusetts","","","","","","","","","","","","","","","","","","","","","","","","","","","","","","","","","","","","","","","","","","","","","","","","","","","","","","","","","","","","","","","","","","","","","","","","","","","","","","","","","","","","","","","","","","","","","","","","","","","","","","","","","","","","","","","","","","","","","","","","","","","","","","","","","","","","","","","","","","","","","","","","",""
"    Estimate","","6,67,774","4,43,693","4,43,235","4,18,705","24,530","458","2,24,081","4,43,235","(X)","3,41,653","2,13,459","2,13,392","2,02,791","51,169","36,764","1,18,050","90,915","","4,10,276","3,30,284","33,567","7,203","11,348","6,718","21,156","29.2","","4,18,705","1,75,353","72,895","89,406","31,445","49,606","","4,18,705","2,084","25,719","51,470","9,785","47,538","17,390","8,259","27,172","46,593","1,16,307","32,295","18,141","15,952","","4,18,705","3,41,609","54,031","22,185","880","","3,07,294","15,835","14,051","24,590","23,986","31,705","48,705","38,746","56,012","27,049","26,615","71,895","93,980","2,40,806","1,00,727","94,119","18,621","49,647","27,109","19,946","10,229","8,779","3,875","37,712","2,01,984","6,174","3,875","9,122","12,702","17,591","30,738","28,864","45,030","23,877","24,011","93,012","1,12,726","36,169","1,05,310","37,913","53,432","40,646","63,179","50,858","","8,10,208","7,89,830","6,00,990","2,92,985","20,378","1,89,311","2,505","5,03,231","4,04,642","3,83,594","3,71,603","3,25,897","56,416","11,991","21,048","18,870","9,542","10,359","2,178","98,589","95,078","51,210","52,275","3,511","","(X)","(X)","(X)","(X)","(X)","(X)","(X)","(X)","(X)","(X)","(X)","(X)","(X)","(X)","(X)","(X)","(X)","(X)","(X)"
"    Percent","","6,67,774","66.4%","66.4%","62.7%","3.7%","0.1%","33.6%","4,43,235","5.5%","3,41,653","62.5%","62.5%","59.4%","51,169","71.8%","1,18,050","77.0%","","4,10,276","80.5%","8.2%","1.8%","2.8%","1.6%","5.2%","(X)","","4,18,705","41.9%","17.4%","21.4%","7.5%","11.8%","","4,18,705","0.5%","6.1%","12.3%","2.3%","11.4%","4.2%","2.0%","6.5%","11.1%","27.8%","7.7%","4.3%","3.8%","","4,18,705","81.6%","12.9%","5.3%","0.2%","","3,07,294","5.2%","4.6%","8.0%","7.8%","10.3%","15.8%","12.6%","18.2%","8.8%","8.7%","(X)","(X)","78.4%","(X)","30.6%","(X)","16.2%","(X)","6.5%","(X)","2.9%","(X)","12.3%","2,01,984","3.1%","1.9%","4.5%","6.3%","8.7%","15.2%","14.3%","22.3%","11.8%","11.9%","(X)","(X)","(X)","1,05,310","(X)","(X)","(X)","(X)","(X)","","8,10,208","97.5%","74.2%","36.2%","2.5%","1,89,311","1.3%","5,03,231","4,04,642","3,83,594","96.9%","85.0%","14.7%","3.1%","21,048","89.7%","45.3%","49.2%","10.3%","98,589","96.4%","51.9%","53.0%","3.6%","","7.0%","10.8%","10.2%","3.2%","3.6%","2.6%","22.2%","30.8%","33.7%","10.4%","13.0%","12.7%","15.0%","11.9%","9.7%","10.0%","8.6%","7.3%","23.4%"